shipment_id,order_id,status,shipped_date,delivery_date
SHIP-00001,1,Delivered,2026-06-27 16:50:02,2026-07-05 16:50:02
SHIP-00002,2,Delivered,2026-01-24 18:52:14,2026-02-01 18:52:14
SHIP-00003,3,Delivered,2025-09-27 11:45:07,2025-10-03 11:45:07
SHIP-00004,4,In Transit,2026-04-19 07:56:08,
SHIP-00005,5,Delivered,2025-09-21 00:17:23,2025-09-24 00:17:23
SHIP-00006,6,Cancelled,2025-10-25 22:11:44,
SHIP-00007,7,Delivered,2026-03-26 00:04:56,2026-03-29 00:04:56
SHIP-00008,8,Delivered,2025-12-20 09:42:53,2025-12-28 09:42:53
SHIP-00009,9,In Transit,2026-08-29 10:48:47,
SHIP-00010,10,Cancelled,2025-10-14 16:41:00,
SHIP-00011,11,Delivered,2026-06-06 15:17:35,2026-06-13 15:17:35
SHIP-00012,12,Delivered,2026-04-10 21:12:02,2026-04-14 21:12:02
SHIP-00013,13,Delivered,2026-06-16 05:48:35,2026-06-22 05:48:35
SHIP-00014,14,Delivered,2025-11-21 20:41:05,2025-11-29 20:41:05
SHIP-00015,15,Delivered,2026-03-10 07:06:39,2026-03-14 07:06:39
SHIP-00016,16,Cancelled,2026-02-11 23:28:02,
SHIP-00017,17,Delivered,2026-02-09 03:09:05,2026-02-17 03:09:05
SHIP-00018,18,Cancelled,2026-07-11 14:22:48,
SHIP-00019,19,Delivered,2026-08-29 00:44:31,2026-09-06 00:44:31
SHIP-00020,20,In Transit,2025-12-20 23:15:19,
SHIP-00021,21,Delivered,2026-04-16 06:08:31,2026-04-22 06:08:31
SHIP-00022,22,Delivered,2026-04-11 02:14:37,2026-04-16 02:14:37
SHIP-00023,23,Cancelled,2026-05-29 17:48:38,
SHIP-00024,24,Delivered,2026-08-12 12:42:49,2026-08-16 12:42:49
SHIP-00025,25,Cancelled,2025-11-15 07:47:04,
SHIP-00026,26,Delivered,2025-11-16 12:09:42,2025-11-18 12:09:42
SHIP-00027,27,Cancelled,2026-04-29 15:31:12,
SHIP-00028,28,Delivered,2025-10-28 19:05:25,2025-11-03 19:05:25
SHIP-00029,29,Delivered,2025-11-03 21:58:24,2025-11-11 21:58:24
SHIP-00030,30,Delivered,2025-09-27 20:21:58,2025-09-29 20:21:58
SHIP-00031,31,In Transit,2025-09-02 09:49:13,
SHIP-00032,32,Delivered,2026-02-11 23:22:22,2026-02-13 23:22:22
SHIP-00033,33,Delivered,2026-04-05 07:34:19,2026-04-08 07:34:19
SHIP-00034,34,In Transit,2025-12-15 19:28:28,
SHIP-00035,35,Delivered,2025-11-23 23:25:50,2025-11-28 23:25:50
SHIP-00036,36,Delivered,2026-05-16 15:22:14,2026-05-24 15:22:14
SHIP-00037,37,In Transit,2026-05-16 04:35:08,
SHIP-00038,38,Delivered,2026-02-13 06:17:42,2026-02-18 06:17:42
SHIP-00039,39,In Transit,2026-05-10 11:49:00,
SHIP-00040,40,Delivered,2026-08-04 21:08:52,2026-08-07 21:08:52
SHIP-00041,41,Cancelled,2026-06-15 04:16:37,
SHIP-00042,42,Delivered,2026-04-17 17:28:26,2026-04-19 17:28:26
SHIP-00043,43,Delivered,2026-04-29 22:08:14,2026-05-05 22:08:14
SHIP-00044,44,Cancelled,2026-08-07 10:40:45,
SHIP-00045,45,In Transit,2026-02-02 17:01:54,
SHIP-00046,46,Cancelled,2026-03-18 07:52:07,
SHIP-00047,47,In Transit,2026-04-24 23:22:33,
SHIP-00048,48,Delivered,2026-07-30 05:16:56,2026-08-02 05:16:56
SHIP-00049,49,Delivered,2026-06-29 08:24:57,2026-07-04 08:24:57
SHIP-00050,50,In Transit,2025-09-27 12:19:37,
SHIP-00051,51,Delivered,2025-10-31 00:48:17,2025-11-05 00:48:17
SHIP-00052,52,Delivered,2025-12-21 18:49:00,2025-12-27 18:49:00
SHIP-00053,53,Delivered,2026-05-31 23:32:57,2026-06-02 23:32:57
SHIP-00054,54,In Transit,2026-03-27 07:53:52,
SHIP-00055,55,Cancelled,2025-12-14 20:15:24,
SHIP-00056,56,Delivered,2025-10-15 20:25:11,2025-10-19 20:25:11
SHIP-00057,57,Delivered,2026-05-09 23:09:05,2026-05-13 23:09:05
SHIP-00058,58,Delivered,2026-05-15 00:03:47,2026-05-22 00:03:47
SHIP-00059,59,Delivered,2026-08-11 17:38:21,2026-08-19 17:38:21
SHIP-00060,60,Delivered,2026-03-03 05:23:04,2026-03-05 05:23:04
SHIP-00061,61,Delivered,2026-02-27 18:51:21,2026-03-02 18:51:21
SHIP-00062,62,Cancelled,2025-09-30 19:29:58,
SHIP-00063,63,Cancelled,2025-09-14 23:46:32,
SHIP-00064,64,In Transit,2026-02-05 05:25:30,
SHIP-00065,65,Delivered,2025-12-28 03:45:33,2026-01-01 03:45:33
SHIP-00066,66,Delivered,2025-11-30 21:01:49,2025-12-08 21:01:49
SHIP-00067,67,Cancelled,2025-10-04 18:54:54,
SHIP-00068,68,Delivered,2026-08-17 18:14:50,2026-08-25 18:14:50
SHIP-00069,69,Delivered,2026-07-02 18:10:41,2026-07-09 18:10:41
SHIP-00070,70,Delivered,2026-03-30 12:25:22,2026-04-03 12:25:22
SHIP-00071,71,In Transit,2026-08-13 16:43:47,
SHIP-00072,72,Delivered,2026-08-31 12:22:38,2026-09-08 12:22:38
SHIP-00073,73,Delivered,2026-05-03 23:25:28,2026-05-05 23:25:28
SHIP-00074,74,Delivered,2025-12-08 20:50:04,2025-12-16 20:50:04
SHIP-00075,75,Delivered,2025-09-16 03:01:36,2025-09-23 03:01:36
SHIP-00076,76,Delivered,2026-06-04 15:38:11,2026-06-06 15:38:11
SHIP-00077,77,Delivered,2026-02-20 06:39:46,2026-02-22 06:39:46
SHIP-00078,78,In Transit,2026-04-27 09:20:28,
SHIP-00079,79,In Transit,2026-08-01 00:26:23,
SHIP-00080,80,In Transit,2025-11-05 17:15:21,
SHIP-00081,81,Delivered,2026-04-02 05:13:28,2026-04-07 05:13:28
SHIP-00082,82,Cancelled,2026-04-21 06:44:09,
SHIP-00083,83,Delivered,2026-02-27 00:42:57,2026-03-05 00:42:57
SHIP-00084,84,In Transit,2025-10-04 18:10:28,
SHIP-00085,85,Delivered,2026-01-05 12:30:31,2026-01-10 12:30:31
SHIP-00086,86,Cancelled,2025-12-31 04:04:00,
SHIP-00087,87,Delivered,2026-05-03 04:35:42,2026-05-07 04:35:42
SHIP-00088,88,In Transit,2026-07-11 17:02:52,
SHIP-00089,89,Cancelled,2025-12-29 21:20:43,
SHIP-00090,90,Delivered,2026-05-11 18:56:33,2026-05-15 18:56:33
SHIP-00091,91,Delivered,2025-12-15 16:48:48,2025-12-23 16:48:48
SHIP-00092,92,Delivered,2026-08-12 15:42:18,2026-08-20 15:42:18
SHIP-00093,93,Delivered,2026-06-24 13:53:24,2026-06-29 13:53:24
SHIP-00094,94,In Transit,2026-03-20 08:22:49,
SHIP-00095,95,In Transit,2026-02-13 13:15:37,
SHIP-00096,96,Delivered,2025-12-24 07:20:50,2026-01-01 07:20:50
SHIP-00097,97,Delivered,2025-12-28 12:06:21,2025-12-31 12:06:21
SHIP-00098,98,Cancelled,2026-08-20 18:46:19,
SHIP-00099,99,In Transit,2026-01-26 01:16:01,
SHIP-00100,100,In Transit,2026-03-08 09:11:34,
SHIP-00101,101,Cancelled,2026-08-28 07:58:53,
SHIP-00102,102,In Transit,2026-04-29 15:15:31,
SHIP-00103,103,Cancelled,2026-03-18 14:36:38,
SHIP-00104,104,In Transit,2026-01-30 08:47:40,
SHIP-00105,105,Delivered,2025-11-07 22:40:08,2025-11-11 22:40:08
SHIP-00106,106,Delivered,2026-01-10 13:38:11,2026-01-13 13:38:11
SHIP-00107,107,Delivered,2026-06-03 17:09:52,2026-06-05 17:09:52
SHIP-00108,108,In Transit,2026-04-17 20:32:54,
SHIP-00109,109,In Transit,2026-06-06 00:15:36,
SHIP-00110,110,Cancelled,2025-11-13 18:42:29,
SHIP-00111,111,Delivered,2026-03-21 00:41:35,2026-03-29 00:41:35
SHIP-00112,112,Cancelled,2026-08-06 06:07:20,
SHIP-00113,113,In Transit,2026-02-07 10:47:09,
SHIP-00114,114,Delivered,2026-05-14 11:03:27,2026-05-19 11:03:27
SHIP-00115,115,Delivered,2025-10-15 18:45:26,2025-10-23 18:45:26
SHIP-00116,116,In Transit,2026-08-21 20:44:13,
SHIP-00117,117,Delivered,2026-04-10 19:35:18,2026-04-17 19:35:18
SHIP-00118,118,Delivered,2025-11-27 19:59:22,2025-11-29 19:59:22
SHIP-00119,119,In Transit,2025-10-28 06:40:13,
SHIP-00120,120,Delivered,2026-03-21 14:53:17,2026-03-29 14:53:17
SHIP-00121,121,In Transit,2026-03-21 03:16:07,
SHIP-00122,122,Delivered,2025-10-04 11:24:54,2025-10-07 11:24:54
SHIP-00123,123,Delivered,2026-08-28 20:15:12,2026-08-31 20:15:12
SHIP-00124,124,Delivered,2026-07-30 20:53:23,2026-08-02 20:53:23
SHIP-00125,125,In Transit,2026-02-15 23:18:25,
SHIP-00126,126,Delivered,2025-10-14 08:02:44,2025-10-20 08:02:44
SHIP-00127,127,Delivered,2026-07-01 08:43:58,2026-07-05 08:43:58
SHIP-00128,128,Cancelled,2026-03-02 11:00:20,
SHIP-00129,129,In Transit,2026-05-21 03:56:17,
SHIP-00130,130,Delivered,2026-03-05 07:00:55,2026-03-12 07:00:55
SHIP-00131,131,Cancelled,2025-12-09 07:08:33,
SHIP-00132,132,Delivered,2026-07-03 07:21:19,2026-07-05 07:21:19
SHIP-00133,133,In Transit,2026-08-24 10:57:17,
SHIP-00134,134,In Transit,2025-11-29 10:51:07,
SHIP-00135,135,Cancelled,2026-03-20 18:37:22,
SHIP-00136,136,In Transit,2026-01-19 12:47:18,
SHIP-00137,137,Delivered,2026-08-04 03:14:25,2026-08-12 03:14:25
SHIP-00138,138,Delivered,2026-03-05 01:28:59,2026-03-10 01:28:59
SHIP-00139,139,Delivered,2026-07-19 14:19:42,2026-07-21 14:19:42
SHIP-00140,140,In Transit,2026-07-13 00:13:05,
SHIP-00141,141,Delivered,2025-12-11 07:53:02,2025-12-15 07:53:02
SHIP-00142,142,Cancelled,2026-06-16 23:22:12,
SHIP-00143,143,Delivered,2026-01-29 23:39:04,2026-02-01 23:39:04
SHIP-00144,144,In Transit,2026-08-07 15:45:45,
SHIP-00145,145,Delivered,2026-03-05 21:04:19,2026-03-07 21:04:19
SHIP-00146,146,Delivered,2026-06-27 03:06:19,2026-07-04 03:06:19
SHIP-00147,147,In Transit,2025-12-13 17:39:51,
SHIP-00148,148,In Transit,2025-12-19 11:26:04,
SHIP-00149,149,Delivered,2026-04-02 19:19:14,2026-04-09 19:19:14
SHIP-00150,150,Delivered,2026-08-31 06:30:13,2026-09-03 06:30:13
SHIP-00151,151,Delivered,2026-02-27 06:26:07,2026-03-07 06:26:07
SHIP-00152,152,Delivered,2025-10-25 16:55:02,2025-10-29 16:55:02
SHIP-00153,153,Delivered,2026-03-16 03:26:01,2026-03-18 03:26:01
SHIP-00154,154,In Transit,2026-01-04 11:38:21,
SHIP-00155,155,In Transit,2026-03-22 00:20:28,
SHIP-00156,156,Delivered,2026-03-17 21:56:35,2026-03-21 21:56:35
SHIP-00157,157,In Transit,2026-02-13 17:48:25,
SHIP-00158,158,Delivered,2025-12-26 22:59:18,2025-12-29 22:59:18
SHIP-00159,159,Delivered,2025-11-08 08:02:49,2025-11-10 08:02:49
SHIP-00160,160,Cancelled,2026-05-13 04:28:09,
SHIP-00161,161,Delivered,2026-03-29 06:36:23,2026-04-06 06:36:23
SHIP-00162,162,Cancelled,2025-11-25 17:43:04,
SHIP-00163,163,Delivered,2026-06-10 16:36:08,2026-06-17 16:36:08
SHIP-00164,164,Delivered,2025-09-16 08:58:02,2025-09-19 08:58:02
SHIP-00165,165,Delivered,2026-05-30 10:16:19,2026-06-04 10:16:19
SHIP-00166,166,Delivered,2026-05-17 00:13:26,2026-05-19 00:13:26
SHIP-00167,167,In Transit,2026-06-24 18:58:52,
SHIP-00168,168,Cancelled,2026-01-20 10:38:21,
SHIP-00169,169,In Transit,2026-04-30 20:06:09,
SHIP-00170,170,Delivered,2026-06-27 04:50:29,2026-07-05 04:50:29
SHIP-00171,171,Delivered,2026-08-24 15:58:55,2026-08-30 15:58:55
SHIP-00172,172,In Transit,2026-03-01 08:17:51,
SHIP-00173,173,In Transit,2025-09-14 22:52:14,
SHIP-00174,174,In Transit,2026-03-03 21:19:45,
SHIP-00175,175,Delivered,2026-04-04 23:44:44,2026-04-10 23:44:44
SHIP-00176,176,Cancelled,2026-07-15 01:56:59,
SHIP-00177,177,Cancelled,2026-07-17 17:18:30,
SHIP-00178,178,In Transit,2026-02-08 05:59:02,
SHIP-00179,179,Delivered,2026-03-12 12:43:35,2026-03-18 12:43:35
SHIP-00180,180,Delivered,2026-02-15 07:41:14,2026-02-20 07:41:14
SHIP-00181,181,Delivered,2026-05-23 07:08:05,2026-05-31 07:08:05
SHIP-00182,182,Delivered,2026-01-29 04:08:23,2026-02-05 04:08:23
SHIP-00183,183,In Transit,2026-04-27 14:01:17,
SHIP-00184,184,Delivered,2025-10-27 19:27:32,2025-11-04 19:27:32
SHIP-00185,185,Cancelled,2026-02-18 21:48:26,
SHIP-00186,186,Cancelled,2026-08-20 10:10:19,
SHIP-00187,187,In Transit,2026-01-03 02:06:43,
SHIP-00188,188,Cancelled,2026-05-12 10:26:52,
SHIP-00189,189,In Transit,2026-04-26 18:40:39,
SHIP-00190,190,Delivered,2026-07-08 12:44:08,2026-07-12 12:44:08
SHIP-00191,191,Delivered,2026-07-09 17:47:06,2026-07-12 17:47:06
SHIP-00192,192,Delivered,2026-07-11 07:09:10,2026-07-16 07:09:10
SHIP-00193,193,In Transit,2026-01-18 05:26:12,
SHIP-00194,194,In Transit,2025-12-25 02:08:28,
SHIP-00195,195,Cancelled,2026-05-20 22:28:12,
SHIP-00196,196,Delivered,2026-06-04 19:05:58,2026-06-08 19:05:58
SHIP-00197,197,Delivered,2026-07-17 01:27:56,2026-07-25 01:27:56
SHIP-00198,198,Delivered,2025-09-13 13:02:54,2025-09-20 13:02:54
SHIP-00199,199,Delivered,2025-09-26 10:07:31,2025-10-01 10:07:31
SHIP-00200,200,Cancelled,2026-04-19 22:58:17,
SHIP-00201,201,Delivered,2026-08-03 19:00:32,2026-08-11 19:00:32
SHIP-00202,202,Cancelled,2026-08-30 17:33:42,
SHIP-00203,203,Delivered,2026-06-01 04:20:25,2026-06-05 04:20:25
SHIP-00204,204,In Transit,2026-02-06 22:27:19,
SHIP-00205,205,In Transit,2025-10-06 09:17:39,
SHIP-00206,206,Delivered,2026-04-20 21:38:48,2026-04-28 21:38:48
SHIP-00207,207,Delivered,2026-07-17 03:11:08,2026-07-24 03:11:08
SHIP-00208,208,Delivered,2026-02-09 11:32:42,2026-02-14 11:32:42
SHIP-00209,209,Delivered,2026-05-12 21:48:47,2026-05-20 21:48:47
SHIP-00210,210,Delivered,2026-07-28 09:33:50,2026-08-04 09:33:50
SHIP-00211,211,Cancelled,2025-09-18 05:30:40,
SHIP-00212,212,Delivered,2026-06-18 05:10:05,2026-06-21 05:10:05
SHIP-00213,213,Delivered,2025-12-16 13:57:25,2025-12-21 13:57:25
SHIP-00214,214,Delivered,2026-01-15 08:07:57,2026-01-19 08:07:57
SHIP-00215,215,In Transit,2025-10-24 14:23:43,
SHIP-00216,216,Cancelled,2026-03-14 10:26:31,
SHIP-00217,217,Delivered,2026-03-26 03:09:18,2026-03-28 03:09:18
SHIP-00218,218,In Transit,2026-06-16 21:24:03,
SHIP-00219,219,Delivered,2025-11-02 12:24:05,2025-11-07 12:24:05
SHIP-00220,220,Delivered,2025-09-30 06:34:59,2025-10-07 06:34:59
SHIP-00221,221,Delivered,2026-07-16 11:56:11,2026-07-22 11:56:11
SHIP-00222,222,Delivered,2026-04-15 18:35:52,2026-04-20 18:35:52
SHIP-00223,223,In Transit,2025-11-28 09:25:18,
SHIP-00224,224,Cancelled,2026-07-31 20:00:20,
SHIP-00225,225,Delivered,2025-10-23 16:54:04,2025-10-31 16:54:04
SHIP-00226,226,Cancelled,2026-02-15 20:41:42,
SHIP-00227,227,Cancelled,2025-12-02 04:40:11,
SHIP-00228,228,Delivered,2025-12-03 16:29:53,2025-12-09 16:29:53
SHIP-00229,229,Cancelled,2025-09-03 20:44:28,
SHIP-00230,230,Delivered,2026-06-21 07:35:09,2026-06-28 07:35:09
SHIP-00231,231,Delivered,2026-07-27 14:09:03,2026-08-02 14:09:03
SHIP-00232,232,Delivered,2026-05-05 22:08:23,2026-05-09 22:08:23
SHIP-00233,233,Delivered,2025-10-28 03:08:31,2025-11-05 03:08:31
SHIP-00234,234,Cancelled,2026-02-09 18:27:46,
SHIP-00235,235,Delivered,2026-01-04 15:30:39,2026-01-12 15:30:39
SHIP-00236,236,Delivered,2026-04-04 00:52:41,2026-04-12 00:52:41
SHIP-00237,237,Delivered,2026-04-21 19:08:55,2026-04-29 19:08:55
SHIP-00238,238,Cancelled,2026-02-03 09:45:21,
SHIP-00239,239,Delivered,2025-12-01 18:39:59,2025-12-05 18:39:59
SHIP-00240,240,Delivered,2026-07-07 04:05:48,2026-07-13 04:05:48
SHIP-00241,241,Delivered,2025-11-13 04:39:14,2025-11-20 04:39:14
SHIP-00242,242,Cancelled,2026-01-19 22:29:39,
SHIP-00243,243,Delivered,2026-02-24 22:03:05,2026-03-03 22:03:05
SHIP-00244,244,Delivered,2025-11-26 01:39:13,2025-11-30 01:39:13
SHIP-00245,245,Cancelled,2026-03-28 07:42:09,
SHIP-00246,246,Cancelled,2026-03-30 09:01:44,
SHIP-00247,247,In Transit,2026-08-29 00:03:56,
SHIP-00248,248,Cancelled,2025-12-18 06:17:14,
SHIP-00249,249,Delivered,2026-08-24 14:47:31,2026-08-31 14:47:31
SHIP-00250,250,Delivered,2026-04-29 20:15:00,2026-05-07 20:15:00
SHIP-00251,251,Cancelled,2025-12-10 16:23:40,
SHIP-00252,252,Delivered,2026-03-27 03:09:48,2026-03-30 03:09:48
SHIP-00253,253,Delivered,2026-05-09 21:55:09,2026-05-16 21:55:09
SHIP-00254,254,Delivered,2026-05-30 09:57:14,2026-06-07 09:57:14
SHIP-00255,255,Cancelled,2025-09-18 08:16:32,
SHIP-00256,256,Cancelled,2026-04-09 21:58:45,
SHIP-00257,257,Delivered,2026-02-28 20:33:27,2026-03-08 20:33:27
SHIP-00258,258,Delivered,2026-07-27 15:58:25,2026-08-04 15:58:25
SHIP-00259,259,Delivered,2025-12-14 23:04:29,2025-12-16 23:04:29
SHIP-00260,260,Delivered,2026-06-19 04:58:53,2026-06-23 04:58:53
SHIP-00261,261,Delivered,2026-04-10 03:45:05,2026-04-14 03:45:05
SHIP-00262,262,Cancelled,2026-01-08 02:43:35,
SHIP-00263,263,In Transit,2026-04-21 22:48:18,
SHIP-00264,264,In Transit,2026-04-15 04:56:54,
SHIP-00265,265,Cancelled,2026-05-05 23:29:10,
SHIP-00266,266,Delivered,2026-05-21 17:51:02,2026-05-26 17:51:02
SHIP-00267,267,In Transit,2026-04-29 04:35:33,
SHIP-00268,268,Delivered,2026-07-03 15:01:39,2026-07-07 15:01:39
SHIP-00269,269,Delivered,2026-04-17 21:26:15,2026-04-23 21:26:15
SHIP-00270,270,In Transit,2026-07-28 09:23:08,
SHIP-00271,271,Cancelled,2026-04-25 12:01:55,
SHIP-00272,272,Cancelled,2025-12-22 06:23:49,
SHIP-00273,273,In Transit,2026-02-09 10:30:57,
SHIP-00274,274,In Transit,2026-04-01 02:46:13,
SHIP-00275,275,In Transit,2026-05-26 22:03:19,
SHIP-00276,276,Delivered,2025-10-04 08:27:11,2025-10-11 08:27:11
SHIP-00277,277,Delivered,2025-12-17 05:13:58,2025-12-22 05:13:58
SHIP-00278,278,Delivered,2026-06-01 10:36:12,2026-06-07 10:36:12
SHIP-00279,279,Delivered,2025-11-04 13:59:03,2025-11-09 13:59:03
SHIP-00280,280,Delivered,2025-10-19 16:50:47,2025-10-23 16:50:47
SHIP-00281,281,Cancelled,2026-03-16 10:41:04,
SHIP-00282,282,Delivered,2026-08-22 06:12:36,2026-08-30 06:12:36
SHIP-00283,283,Delivered,2026-03-14 07:41:24,2026-03-22 07:41:24
SHIP-00284,284,Cancelled,2026-08-01 01:46:23,
SHIP-00285,285,Cancelled,2026-06-30 18:05:21,
SHIP-00286,286,Delivered,2025-12-04 06:54:13,2025-12-07 06:54:13
SHIP-00287,287,Delivered,2026-06-29 15:23:54,2026-07-03 15:23:54
SHIP-00288,288,Cancelled,2026-02-23 10:07:40,
SHIP-00289,289,Delivered,2026-06-21 23:51:00,2026-06-23 23:51:00
SHIP-00290,290,In Transit,2026-06-01 02:31:32,
SHIP-00291,291,Delivered,2026-01-03 03:27:43,2026-01-10 03:27:43
SHIP-00292,292,Delivered,2025-10-12 11:54:56,2025-10-15 11:54:56
SHIP-00293,293,Delivered,2026-08-18 02:51:25,2026-08-22 02:51:25
SHIP-00294,294,Cancelled,2025-10-22 20:12:27,
SHIP-00295,295,Cancelled,2026-08-19 10:28:27,
SHIP-00296,296,Delivered,2026-07-11 14:09:05,2026-07-18 14:09:05
SHIP-00297,297,Delivered,2026-05-23 22:40:31,2026-05-26 22:40:31
SHIP-00298,298,Delivered,2026-08-24 08:18:14,2026-08-27 08:18:14
SHIP-00299,299,Delivered,2026-08-19 17:13:12,2026-08-23 17:13:12
SHIP-00300,300,In Transit,2026-06-22 07:11:15,
SHIP-00301,301,Cancelled,2026-01-12 00:39:42,
SHIP-00302,302,Delivered,2026-06-17 05:17:38,2026-06-22 05:17:38
SHIP-00303,303,In Transit,2025-09-05 12:22:23,
SHIP-00304,304,Cancelled,2026-03-16 09:49:46,
SHIP-00305,305,Delivered,2026-02-14 12:54:38,2026-02-16 12:54:38
SHIP-00306,306,Delivered,2026-05-05 04:13:03,2026-05-13 04:13:03
SHIP-00307,307,Delivered,2026-05-04 23:56:37,2026-05-09 23:56:37
SHIP-00308,308,Cancelled,2026-04-02 22:28:44,
SHIP-00309,309,Delivered,2026-06-28 19:28:41,2026-07-01 19:28:41
SHIP-00310,310,Cancelled,2026-08-09 20:44:18,
SHIP-00311,311,Delivered,2025-10-10 00:06:05,2025-10-14 00:06:05
SHIP-00312,312,Delivered,2025-11-24 19:59:32,2025-11-26 19:59:32
SHIP-00313,313,Cancelled,2025-09-09 13:43:32,
SHIP-00314,314,Delivered,2026-07-20 09:21:21,2026-07-28 09:21:21
SHIP-00315,315,Cancelled,2026-03-25 11:31:40,
SHIP-00316,316,Delivered,2026-08-01 17:16:45,2026-08-04 17:16:45
SHIP-00317,317,Delivered,2025-11-21 06:49:02,2025-11-29 06:49:02
SHIP-00318,318,Cancelled,2025-09-24 12:30:39,
SHIP-00319,319,Delivered,2026-06-29 08:05:01,2026-07-01 08:05:01
SHIP-00320,320,Delivered,2026-07-29 13:50:21,2026-08-04 13:50:21
SHIP-00321,321,Cancelled,2025-12-20 19:17:31,
SHIP-00322,322,In Transit,2026-01-27 13:23:20,
SHIP-00323,323,Cancelled,2025-10-22 11:37:02,
SHIP-00324,324,In Transit,2026-08-12 01:04:01,
SHIP-00325,325,Delivered,2025-12-21 14:21:08,2025-12-27 14:21:08
SHIP-00326,326,In Transit,2026-02-27 08:35:41,
SHIP-00327,327,Delivered,2025-10-05 22:19:38,2025-10-09 22:19:38
SHIP-00328,328,Cancelled,2026-07-22 11:52:03,
SHIP-00329,329,Delivered,2025-10-20 23:33:50,2025-10-24 23:33:50
SHIP-00330,330,Delivered,2026-02-14 02:53:52,2026-02-18 02:53:52
SHIP-00331,331,Delivered,2026-05-03 07:41:12,2026-05-05 07:41:12
SHIP-00332,332,Delivered,2026-05-30 20:33:12,2026-06-06 20:33:12
SHIP-00333,333,Cancelled,2026-08-11 22:32:50,
SHIP-00334,334,Cancelled,2026-02-01 12:19:48,
SHIP-00335,335,Delivered,2026-05-30 12:55:03,2026-06-06 12:55:03
SHIP-00336,336,In Transit,2025-10-26 20:52:34,
SHIP-00337,337,Delivered,2026-01-30 23:08:37,2026-02-02 23:08:37
SHIP-00338,338,Delivered,2025-10-07 14:21:55,2025-10-10 14:21:55
SHIP-00339,339,Delivered,2026-02-27 03:51:51,2026-03-05 03:51:51
SHIP-00340,340,Delivered,2026-01-27 11:48:41,2026-02-04 11:48:41
SHIP-00341,341,Delivered,2026-08-14 23:10:29,2026-08-17 23:10:29
SHIP-00342,342,In Transit,2025-09-12 09:08:55,
SHIP-00343,343,In Transit,2026-01-13 18:20:32,
SHIP-00344,344,Delivered,2026-02-10 08:57:18,2026-02-16 08:57:18
SHIP-00345,345,Delivered,2026-08-14 14:42:14,2026-08-18 14:42:14
SHIP-00346,346,In Transit,2026-07-10 21:02:11,
SHIP-00347,347,Cancelled,2025-10-07 17:17:03,
SHIP-00348,348,Delivered,2026-05-08 20:52:27,2026-05-16 20:52:27
SHIP-00349,349,Delivered,2026-03-19 07:01:21,2026-03-26 07:01:21
SHIP-00350,350,Cancelled,2026-08-23 13:53:54,
SHIP-00351,351,Delivered,2026-01-09 10:24:51,2026-01-14 10:24:51
SHIP-00352,352,Delivered,2026-01-24 20:21:43,2026-01-27 20:21:43
SHIP-00353,353,In Transit,2025-11-08 18:10:54,
SHIP-00354,354,Delivered,2025-10-16 01:11:18,2025-10-21 01:11:18
SHIP-00355,355,Delivered,2026-07-07 04:01:15,2026-07-09 04:01:15
SHIP-00356,356,Delivered,2026-02-13 12:18:31,2026-02-15 12:18:31
SHIP-00357,357,Delivered,2026-05-01 12:02:14,2026-05-09 12:02:14
SHIP-00358,358,Delivered,2026-04-22 19:23:34,2026-04-24 19:23:34
SHIP-00359,359,Cancelled,2026-04-06 12:48:13,
SHIP-00360,360,Delivered,2025-09-09 05:34:47,2025-09-17 05:34:47
SHIP-00361,361,Delivered,2026-06-14 19:13:05,2026-06-17 19:13:05
SHIP-00362,362,Delivered,2025-11-29 09:25:55,2025-12-01 09:25:55
SHIP-00363,363,Cancelled,2025-10-16 10:11:02,
SHIP-00364,364,Delivered,2026-03-25 15:19:14,2026-03-30 15:19:14
SHIP-00365,365,Cancelled,2025-09-25 11:47:08,
SHIP-00366,366,Cancelled,2026-06-06 21:33:05,
SHIP-00367,367,In Transit,2025-11-15 02:15:26,
SHIP-00368,368,Delivered,2025-11-19 07:20:35,2025-11-23 07:20:35
SHIP-00369,369,Delivered,2026-07-15 01:54:24,2026-07-18 01:54:24
SHIP-00370,370,Cancelled,2025-12-29 10:26:23,
SHIP-00371,371,Delivered,2025-10-24 07:47:24,2025-10-28 07:47:24
SHIP-00372,372,In Transit,2026-07-26 08:12:16,
SHIP-00373,373,Delivered,2025-09-01 11:13:16,2025-09-03 11:13:16
SHIP-00374,374,Delivered,2026-07-11 22:56:51,2026-07-15 22:56:51
SHIP-00375,375,Delivered,2025-10-23 06:39:56,2025-10-27 06:39:56
SHIP-00376,376,Delivered,2025-10-18 21:50:43,2025-10-20 21:50:43
SHIP-00377,377,Delivered,2025-12-01 23:32:24,2025-12-09 23:32:24
SHIP-00378,378,Delivered,2025-11-04 03:57:55,2025-11-06 03:57:55
SHIP-00379,379,In Transit,2026-04-30 21:02:17,
SHIP-00380,380,In Transit,2025-09-09 20:20:53,
SHIP-00381,381,Delivered,2025-09-06 20:37:39,2025-09-13 20:37:39
SHIP-00382,382,Cancelled,2026-06-15 23:10:53,
SHIP-00383,383,Delivered,2025-11-26 08:01:00,2025-12-03 08:01:00
SHIP-00384,384,Delivered,2025-12-28 16:28:06,2026-01-04 16:28:06
SHIP-00385,385,Delivered,2025-11-03 01:45:57,2025-11-09 01:45:57
SHIP-00386,386,Delivered,2025-09-19 13:40:57,2025-09-26 13:40:57
SHIP-00387,387,Delivered,2026-05-29 08:05:16,2026-06-01 08:05:16
SHIP-00388,388,Delivered,2026-03-12 13:54:18,2026-03-15 13:54:18
SHIP-00389,389,Delivered,2026-05-31 18:41:18,2026-06-05 18:41:18
SHIP-00390,390,In Transit,2026-02-21 09:01:24,
SHIP-00391,391,Cancelled,2026-06-11 14:16:34,
SHIP-00392,392,Delivered,2026-03-07 21:17:10,2026-03-14 21:17:10
SHIP-00393,393,Delivered,2025-10-10 06:18:24,2025-10-17 06:18:24
SHIP-00394,394,Cancelled,2026-03-04 10:53:40,
SHIP-00395,395,In Transit,2026-08-12 17:39:07,
SHIP-00396,396,In Transit,2025-09-17 06:29:35,
SHIP-00397,397,In Transit,2026-06-13 11:56:43,
SHIP-00398,398,Delivered,2026-07-15 02:06:43,2026-07-23 02:06:43
SHIP-00399,399,Delivered,2026-03-10 21:16:54,2026-03-17 21:16:54
SHIP-00400,400,Delivered,2026-02-15 17:27:22,2026-02-23 17:27:22
SHIP-00401,401,Delivered,2026-08-18 12:47:15,2026-08-24 12:47:15
SHIP-00402,402,Delivered,2025-09-22 15:32:47,2025-09-25 15:32:47
SHIP-00403,403,In Transit,2026-02-23 09:00:21,
SHIP-00404,404,Delivered,2026-01-25 02:50:45,2026-01-29 02:50:45
SHIP-00405,405,Cancelled,2026-05-10 00:31:53,
SHIP-00406,406,Delivered,2026-02-26 11:56:40,2026-03-02 11:56:40
SHIP-00407,407,Cancelled,2026-07-30 16:35:04,
SHIP-00408,408,Delivered,2025-09-27 06:34:03,2025-10-02 06:34:03
SHIP-00409,409,Delivered,2025-09-29 22:33:19,2025-10-05 22:33:19
SHIP-00410,410,Delivered,2026-04-10 14:33:17,2026-04-17 14:33:17
SHIP-00411,411,Delivered,2025-09-25 10:07:12,2025-09-29 10:07:12
SHIP-00412,412,Delivered,2025-12-10 21:05:23,2025-12-17 21:05:23
SHIP-00413,413,Cancelled,2026-04-19 15:45:51,
SHIP-00414,414,Delivered,2026-03-19 17:07:35,2026-03-26 17:07:35
SHIP-00415,415,Cancelled,2025-12-29 04:51:47,
SHIP-00416,416,Delivered,2026-08-29 17:02:01,2026-08-31 17:02:01
SHIP-00417,417,Delivered,2026-03-14 05:05:58,2026-03-22 05:05:58
SHIP-00418,418,In Transit,2026-02-13 03:31:33,
SHIP-00419,419,In Transit,2026-04-10 13:23:29,
SHIP-00420,420,Delivered,2025-10-07 15:44:24,2025-10-12 15:44:24
SHIP-00421,421,In Transit,2026-05-14 17:59:43,
SHIP-00422,422,Delivered,2026-07-08 21:44:31,2026-07-14 21:44:31
SHIP-00423,423,Delivered,2026-04-27 04:08:41,2026-05-02 04:08:41
SHIP-00424,424,Delivered,2026-06-08 06:54:29,2026-06-11 06:54:29
SHIP-00425,425,Delivered,2026-05-22 17:04:30,2026-05-25 17:04:30
SHIP-00426,426,Cancelled,2025-11-18 23:12:22,
SHIP-00427,427,Delivered,2026-02-12 08:35:15,2026-02-18 08:35:15
SHIP-00428,428,In Transit,2025-11-22 21:17:07,
SHIP-00429,429,In Transit,2026-01-03 05:21:31,
SHIP-00430,430,Cancelled,2026-02-14 01:37:41,
SHIP-00431,431,Cancelled,2026-01-30 08:49:51,
SHIP-00432,432,In Transit,2025-10-06 03:51:54,
SHIP-00433,433,Delivered,2026-02-04 07:16:35,2026-02-10 07:16:35
SHIP-00434,434,Delivered,2026-05-02 08:32:29,2026-05-06 08:32:29
SHIP-00435,435,Delivered,2026-01-16 03:23:54,2026-01-18 03:23:54
SHIP-00436,436,Delivered,2025-10-26 04:21:42,2025-11-01 04:21:42
SHIP-00437,437,Cancelled,2026-08-04 13:01:51,
SHIP-00438,438,Delivered,2025-09-24 22:50:24,2025-09-26 22:50:24
SHIP-00439,439,Cancelled,2026-07-02 05:28:41,
SHIP-00440,440,Cancelled,2025-10-04 11:35:53,
SHIP-00441,441,Delivered,2025-10-05 16:49:34,2025-10-07 16:49:34
SHIP-00442,442,Cancelled,2026-05-29 06:28:26,
SHIP-00443,443,Delivered,2026-06-23 22:08:25,2026-06-29 22:08:25
SHIP-00444,444,Cancelled,2026-03-23 15:22:40,
SHIP-00445,445,Cancelled,2026-04-03 15:10:39,
SHIP-00446,446,Delivered,2026-03-24 13:05:50,2026-03-28 13:05:50
SHIP-00447,447,Cancelled,2025-12-30 19:57:47,
SHIP-00448,448,Cancelled,2025-10-15 01:48:56,
SHIP-00449,449,Delivered,2026-01-07 13:55:17,2026-01-13 13:55:17
SHIP-00450,450,Delivered,2026-05-02 10:34:51,2026-05-10 10:34:51
SHIP-00451,451,Delivered,2026-06-01 11:10:38,2026-06-03 11:10:38
SHIP-00452,452,In Transit,2026-07-14 11:51:10,
SHIP-00453,453,Delivered,2026-05-22 19:00:37,2026-05-29 19:00:37
SHIP-00454,454,In Transit,2026-08-21 03:06:55,
SHIP-00455,455,In Transit,2026-04-07 17:24:58,
SHIP-00456,456,Delivered,2026-01-07 20:48:41,2026-01-13 20:48:41
SHIP-00457,457,Delivered,2026-03-30 12:15:38,2026-04-05 12:15:38
SHIP-00458,458,Delivered,2025-11-18 03:10:58,2025-11-25 03:10:58
SHIP-00459,459,Delivered,2026-04-29 07:09:30,2026-05-04 07:09:30
SHIP-00460,460,Delivered,2025-11-22 08:02:32,2025-11-24 08:02:32
SHIP-00461,461,In Transit,2025-10-10 22:58:54,
SHIP-00462,462,Delivered,2026-07-06 04:42:21,2026-07-08 04:42:21
SHIP-00463,463,Delivered,2026-01-12 16:19:03,2026-01-17 16:19:03
SHIP-00464,464,Delivered,2026-06-06 23:11:00,2026-06-09 23:11:00
SHIP-00465,465,Delivered,2026-03-30 02:47:18,2026-04-01 02:47:18
SHIP-00466,466,Delivered,2026-06-22 06:16:27,2026-06-24 06:16:27
SHIP-00467,467,Delivered,2026-07-06 02:47:34,2026-07-08 02:47:34
SHIP-00468,468,Delivered,2026-08-23 09:00:25,2026-08-30 09:00:25
SHIP-00469,469,In Transit,2026-06-26 08:29:56,
SHIP-00470,470,In Transit,2026-04-13 12:48:06,
SHIP-00471,471,Delivered,2026-04-24 04:06:43,2026-04-28 04:06:43
SHIP-00472,472,Cancelled,2025-09-10 00:30:01,
SHIP-00473,473,Delivered,2026-08-05 18:29:43,2026-08-10 18:29:43
SHIP-00474,474,In Transit,2026-06-30 09:13:11,
SHIP-00475,475,Delivered,2025-12-08 02:44:53,2025-12-10 02:44:53
SHIP-00476,476,Delivered,2025-11-05 07:50:58,2025-11-09 07:50:58
SHIP-00477,477,Delivered,2026-05-16 02:03:15,2026-05-24 02:03:15
SHIP-00478,478,Delivered,2025-12-22 06:51:04,2025-12-26 06:51:04
SHIP-00479,479,Delivered,2026-01-03 13:11:12,2026-01-05 13:11:12
SHIP-00480,480,Cancelled,2025-09-03 15:53:14,
SHIP-00481,481,Cancelled,2026-07-15 03:22:23,
SHIP-00482,482,Cancelled,2026-03-27 06:36:01,
SHIP-00483,483,Delivered,2026-01-24 19:32:41,2026-01-27 19:32:41
SHIP-00484,484,Delivered,2025-10-22 06:00:17,2025-10-26 06:00:17
SHIP-00485,485,Delivered,2026-04-20 16:35:58,2026-04-24 16:35:58
SHIP-00486,486,Delivered,2025-09-11 15:05:53,2025-09-18 15:05:53
SHIP-00487,487,Delivered,2026-05-30 22:36:07,2026-06-04 22:36:07
SHIP-00488,488,Delivered,2025-11-19 00:10:07,2025-11-26 00:10:07
SHIP-00489,489,Delivered,2026-01-31 18:30:59,2026-02-03 18:30:59
SHIP-00490,490,In Transit,2026-01-03 22:34:40,
SHIP-00491,491,Cancelled,2026-01-14 14:09:43,
SHIP-00492,492,Cancelled,2026-05-21 23:42:09,
SHIP-00493,493,Delivered,2026-06-12 03:55:12,2026-06-18 03:55:12
SHIP-00494,494,Cancelled,2026-03-26 17:45:16,
SHIP-00495,495,Cancelled,2025-10-02 11:04:42,
SHIP-00496,496,Cancelled,2025-09-19 15:31:18,
SHIP-00497,497,Delivered,2025-10-28 22:10:58,2025-11-02 22:10:58
SHIP-00498,498,Cancelled,2026-04-15 02:11:12,
SHIP-00499,499,Delivered,2026-05-05 14:12:48,2026-05-10 14:12:48
SHIP-00500,500,Cancelled,2025-12-08 19:33:13,
